{
    "width": 800,
    "height": 600,
    "scaleStrategy": 1,
    "startSceneId": 2,
    "gravityConstant": 0,
    "scale": {
        "x": 0.9533333333333333,
        "y": 0.9533333333333334
    },
    "pos": {
        "x": 386.6666666666667,
        "y": 0
    },
    "cnt": 0
}